title,source,url,content
Diabetes Mellitus (DM),MSD,https://www.msdmanuals.com/professional/endocrine-and-metabolic-disorders/diabetes-mellitus-and-disorders-of-carbohydrate-metabolism/diabetes-mellitus-dm,"
Chronic Pancreatitis,MSD,https://www.msdmanuals.com/professional/gastrointestinal-disorders/pancreatitis/chronic-pancreatitis?query=chronic,"Chronic Pancreatitis


ByMichael Bartel, MD, PhD, Fairfax, VA
Reviewed ByMinhhuyen Nguyen, MD, Fox Chase Cancer Center, Temple University
Reviewed/Revised Mar 2024 | Modified Apr 2025
View Patient Education
Chronic pancreatitis is persistent inflammation of the pancreas that results in permanent structural damage with fibrosis and ductal strictures, followed by a decline in exocrine and endocrine function (pancreatic insufficiency). Heavy alcohol consumption and smoking cigarettes are two of the major risk factors. Abdominal pain is the predominant symptom in most patients. Diagnosis is usually made by imaging studies and pancreatic function testing. Treatment mainly includes pain control and management of pancreatic insufficiency.

Pathogenesis
|
Etiology
|
Complications
|
Symptoms and Signs
|
Diagnosis
|
Treatment
|
Key Points
Topic Resources
3D Models (0)
Audios (0)
Calculators (0)
Images (0)
Tables (1)
Videos (0)

(See also Overview of Pancreatitis and Acute Pancreatitis.)

Fibrosis caused by inflammation and recurrent pancreatic injury is the hallmark of chronic pancreatitis but needs to be distinguished from fibrosis caused by the aging process and diabetic pancreatopathy.

Chronic pancreatitis can cause calcification of the pancreatic parenchyma, formation of intraductal stones, or both as well as pancreatic atrophy.

Pathogenesis of Chronic Pancreatitis
The pathogenesis of chronic pancreatitis is not well understood. Several mechanisms have been proposed.

The stone and duct obstruction theory proposes that disease is due to ductal obstruction caused by formation of protein-rich plugs as a result of protein–bicarbonate imbalance for unknown reasons. These plugs may calcify and eventually form stones within the pancreatic ducts. If obstruction is chronic, persistent inflammation leads to fibrosis, pancreatic ductal distortion, strictures, and atrophy. After several years, progressive fibrosis and atrophy lead to loss of exocrine and endocrine function.

The necrosis–fibrosis hypothesis posits that repeated attacks of acute pancreatitis with necrosis are key to the pathogenesis of chronic pancreatitis. Over years, the healing process replaces the necrotic tissue with fibrotic tissue, leading to the development of chronic pancreatitis. This hypothesis has evolved into the sentinel acute pancreatitis event (SAPE) model. The SAPE model proposes that an initial episode of acute pancreatitis leads to a hypersensitive pancreas (1). A sensitized pancreas is more vulnerable to minor stressors (alcohol, tobacco) that can cause recurrent acute pancreatitis events, whereas similar stressors would not result in acute pancreatitis before the SAPE.

In more advanced chronic pancreatitis, neuronal sheath hypertrophy and perineural inflammation occur and may contribute to chronic pain.

Pathogenesis reference
1. Whitcomb DC: Central role of the sentinel acute pancreatitis event (SAPE) model in understanding recurrent acute pancreatitis (RAP): Implications for precision medicine. Front Pediatr 10:941852, 2022. doi: 10.3389/fped.2022.941852

Etiology of Chronic Pancreatitis
In the United States, about 50% of cases of chronic pancreatitis result from heavy alcohol consumption, and chronic pancreatitis is more common among men than women. However, only a minority of people with sustained alcohol exposure ultimately develop chronic pancreatitis, suggesting that there are other cofactors required to trigger overt disease. Cigarette smoking is an independent, dose-dependent risk factor for developing chronic pancreatitis (1). Both heavy alcohol consumption and smoking increase risk of disease progression, and their risks are likely additive. A large proportion of cases of chronic pancreatitis are idiopathic.

Tropical pancreatitis is an idiopathic form of chronic pancreatitis that occurs in children and young adults in tropical regions such as India, Indonesia, and Nigeria. Tropical pancreatitis is characterized by an early age of onset, large ductal calculi, an accelerated course of the disease, and an increased risk of pancreatic cancer.

Less common causes of chronic pancreatitis include genetic disorders, systemic diseases, and ductal obstruction caused by stenosis, stones, or cancer (see table Causes of Chronic Pancreatitis).

Table
Causes of Chronic Pancreatitis
Etiology reference
1. Yadav D, Gawes RH, Brand RE, et al: Alcohol consumption, cigarette smoking, and the risk of recurrent acute and chronic pancreatitis. Arch Intern Med 169:1035–1045, 2009. doi: 10.1001/archinternmed.2009.125. Clarification and additional information. Arch Intern Med 171(7):710, 2011. doi:10.1001/archinternmed.2011.124

Complications of Chronic Pancreatitis
When lipase and protease secretions are reduced to < 10% of normal, the patient develops malabsorption characterized by steatorrhea, the passing of greasy stools, or even oil droplets that float in water and are difficult to flush. In severe cases, undernutrition, weight loss, and malabsorption of fat-soluble vitamins (A, D, E, and K) may also occur.

Glucose intolerance may appear at any time, but overt diabetes mellitus (pancreatogenic diabetes) usually occurs late in the course of chronic pancreatitis. Patients also are at risk of hypoglycemia because pancreatic alpha cells, which produce glucagon (a counter-regulatory hormone), are lost.

Other complications of chronic pancreatitis include

Formation of pseudocysts

Obstruction of the bile duct or duodenum

Disruption (disconnection) of the pancreatic duct (resulting in ascites or pleural effusion)

Thrombosis of the splenic vein (can cause gastric varices)

Pseudoaneurysms of arteries near the pancreas or pseudocyst

Patients with chronic pancreatitis are at increased risk of pancreatic adenocarcinoma, and this risk seems to be greatest for patients with hereditary and tropical pancreatitis.

Symptoms and Signs of Chronic Pancreatitis
Abdominal pain and pancreatic insufficiency are the primary manifestations of chronic pancreatitis. Pain can occur during the early stages of chronic pancreatitis, before development of apparent structural abnormalities in the pancreas on imaging. Pain is often the dominant symptom in chronic pancreatitis and is present in most patients. Pain is usually postprandial, located in the epigastric area, and partially relieved by sitting up or leaning forward. The pain attacks are initially episodic but later tend to become continuous.

A small subset of patients have no pain and present with symptoms of malabsorption. Clinical manifestations of pancreatic insufficiency include flatulence, abdominal distention, steatorrhea, undernutrition, weight loss, and fatigue.

Diagnosis of Chronic Pancreatitis
Imaging studies

Pancreatic function tests

Diagnosis of chronic pancreatitis can be difficult because amylase and lipase levels are frequently normal secondary to significant loss of pancreatic function. Diagnosis relies on clinical assessment, imaging studies, and pancreatic function tests (1).

Patients with unexplained or sustained worsening of symptoms should be evaluated for pancreatic cancer, particularly if assessment reveals a pancreatic duct stricture (2). Evaluation may include brushing of the strictures for cytology and measuring serum markers (eg, CA 19-9, carcinoembryonic antigen).

Imaging studies
In a patient with a typical history of heavy alcohol consumption and recurrent episodes of acute pancreatitis, detection of pancreatic calcification on plain x-rays of the abdomen may be sufficient. However, such calcifications typically occur late in the disease and then are visible in only about 30% of patients. CT can also be used in patients with a history of heavy alcohol consumption and in whom plain x-rays are not diagnostic.

In patients without a typical history but with symptoms suggesting chronic pancreatitis, abdominal CT is typically recommended to exclude pancreatic cancer as the cause of pain. Abdominal CT can be used to detect calcifications and other pancreatic abnormalities (eg, pseudocyst or dilated ducts) but still may be normal early in the disease.

MRI coupled with magnetic resonance cholangiopancreatography (MRCP) is now frequently used for diagnosis and can show masses in the pancreas as well as provide more optimal visualization of ductal changes consistent with chronic pancreatitis. Administration of IV secretin during MRCP increases sensitivity for detecting ductal abnormalities and also allows for functional assessment in patients with chronic pancreatitis. MRI is more accurate than CT and does not expose patients to radiation.

Endoscopic retrograde cholangiopancreatography (ERCP) is invasive and rarely used for the diagnosis of chronic pancreatitis. ERCP findings could be normal in patients with early chronic pancreatitis. ERCP should be reserved for patients who may need therapeutic intervention.

Endoscopic ultrasonography is less invasive and enables detection of subtle abnormalities in the pancreatic parenchyma and in the pancreatic duct. This imaging modality has a high sensitivity but limited specificity.

Pancreatic function tests
The most common pancreatic function tests do not detect mild to moderate exocrine pancreatic insufficiency with adequate accuracy. Late in the disease, tests of pancreatic exocrine function more reliably become abnormal.

Pancreatic function tests are classified as

Direct: Monitor the actual secretion of pancreatic exocrine products (bicarbonate and enzymes).

Indirect: Measure the secondary effects of the lack of pancreatic enzymes (eg, fat malabsorption).

Direct pancreatic function tests are most useful in patients who have an earlier stage of chronic pancreatitis in whom imaging studies are not diagnostic. Direct tests involve intravenous infusion of the hormone cholecystokinin to measure the production of digestive enzymes or infusion of the hormone secretin to measure the production of bicarbonate. The duodenal secretions are collected using double-lumen gastroduodenal collection tubes or an endoscope. Direct tests are cumbersome, are time-consuming, and have not been well standardized. Direct pancreatic function tests have mostly been phased out of clinical practice and are done in only a few specialized centers.

Indirect pancreatic function tests are less accurate in diagnosing earlier stages of chronic pancreatitis. These tests involve blood or stool samples. The serum trypsinogen test is an inexpensive test and is available through commercial laboratories. Very low levels of serum trypsinogen (< 20 ng/mL) are highly specific for chronic pancreatitis. A 72-hour test for stool fecal fat in patients who are following a high-fat diet is diagnostic for steatorrhea. This test is fairly reliable but cannot establish the cause of malabsorption. In other tests, fecal concentration of chymotrypsin and elastase may be decreased. The indirect tests are widely available, less invasive, inexpensive, and easier to do than the direct tests.

Diagnosis references
1. Gardner TB, Adler DG, Forsmark CE, et al: ACG Clinical Guideline: Chronic Pancreatitis. Am J Gastroenterol 115(3):322-339, 2020. doi: 10.14309/ajg.0000000000000535

2. Greenhalf W, Lévy P, Gress T, et al: International consensus guidelines on surveillance for pancreatic cancer in chronic pancreatitis. Recommendations from the working group for the international consensus guidelines for chronic pancreatitis in collaboration with the International Association of Pancreatology, the American Pancreatic Association, the Japan Pancreas Society, and European Pancreatic Club. Pancreatology 20(5):910-918, 2020. doi: 10.1016/j.pan.2020.05.011

Treatment of Chronic Pancreatitis
Pain control

Pancreatic enzyme supplements

Management of diabetes

Management of other complications

The prognosis for chronic pancreatitis is variable.

Pain control
Pain control is the most challenging task in the management of patients with chronic pancreatitis (1). First, vigorous efforts and appropriate referrals to encourage smoking cessation and alcohol abstinence should be made for patients with chronic pancreatitis in an effort to slow the disease progression as early as possible. Second, treatable complications of chronic pancreatitis such as duodenal or biliary obstruction that can cause similar symptoms should be sought. Patients should consume a low-fat (< 25 g/day) diet to reduce secretion of pancreatic enzymes. Patients with chronic pancreatitis should be educated about healthy lifestyle practices, and this should be reinforced at each visit.

Pancreatic enzyme supplementation may reduce chronic pain by suppressing the release of cholecystokinin from the duodenum, thereby reducing the secretion of pancreatic enzymes. Enzyme therapy is more likely to be successful in patients with less advanced disease, in women, and in patients with idiopathic pancreatitis than in patients with alcohol-associated pancreatitis. Although enzyme therapy is often tried because of its safety and minimal adverse effects, it may not provide substantial benefit in improving pain.

Often these measures do not relieve pain, requiring increased amounts of opioids, which increases the risk of addiction. Adjunctive pain medications, such as tricyclic antidepressants, gabapentin, pregabalin, and selective serotonin reuptake inhibitors, have been used alone or combined with opioids to manage chronic pain; results are variable. Pharmacologic treatment of pain in chronic pancreatitis is often unsatisfactory.

Glucocorticoids may be used to treat autoimmune pancreatitis (2).

Other treatment modalities include endoscopic therapy, lithotripsy, celiac plexus nerve block, and surgery.

Endoscopic therapy is aimed at decompressing a pancreatic duct obstructed by stricture, stones, or both and may provide pain relief in carefully selected patients with appropriate ductal anatomy. If there is significant stricture at the papilla or distal pancreatic duct, endoscopic retrograde cholangiopancreatography (ERCP) with sphincterotomy, stent placement, or dilation may be effective (3). Pseudocysts can cause chronic pain. Some pseudocysts can be drained endoscopically (4).

Lithotripsy (extracorporeal shock wave lithotripsy or intraductal lithotripsy) is usually needed to treat large or impacted pancreatic stones.

Percutaneous or endoscopic ultrasound-guided nerve blockade of the celiac plexus with a corticosteroid and long-acting anesthetic may provide short-term pain relief in some patients with chronic pancreatitis.

Surgical treatment may be effective for pain relief. Surgical options should be reserved for patients who have stopped using alcohol and who can manage diabetes that may be intensified by pancreatic resection. A variety of surgical options involve resection and/or decompression (5). The choice of surgical procedure depends on the anatomy of the pancreatic duct, consideration of local complications, the surgical history of the patient, and local expertise. For example, if the main pancreatic duct is dilated > 5 to 8 mm, a lateral pancreaticojejunostomy (Puestow procedure) or Partington-Rochelle modification of the Puestow procedure relieves pain in about 70 to 80% of patients who are well-selected (eg, without an inflammatory mass) (6). If the pancreatic duct is not dilated, a variation of the modified Puestow procedure called a V-plasty or Hamburg procedure can be done.

Other surgical approaches include a partial resection such as a distal pancreatectomy (for extensive disease at the tail of the pancreas), a Whipple procedure (for extensive disease at the head of the pancreas), a pylorus-sparing pancreaticoduodenectomy (similar to a Whipple procedure), a duodenum-preserving pancreatic head resection (Beger procedure), or a total pancreatectomy with autotransplantation of islets. Overall, surgical drainage is more effective than endoscopic approaches in relieving obstruction and achieving pain relief (7).

Pancreatic enzyme replacement
In patients with exocrine pancreatic insufficiency, malabsorption of fat is more severe than malabsorption of proteins and carbohydrates. Fat malabsorption also results in a deficit of fat-soluble vitamins (A, D, E, and K). Pancreatic enzyme replacement therapy (replacement of deficient hormones to treat pancreatic insufficiency) is used to treat steatorrhea (8). Various preparations are available, and a dose of 75,000 to 150,000 United States Pharmacopeia units (25,000 to 50,000 international units) lipase per meal and half that amount with snacks is needed for appropriate fat absorption. The treatment should be started at these (low) doses with subsequent titration based on clinical response. The preparations should be taken with meals. An H2 blocker or proton pump inhibitor should be given to patients taking nonenteric–coated preparations to prevent acid breakdown of the enzymes.

Favorable clinical responses include weight gain, fewer bowel movements, elimination of oil droplet seepage, increases in levels of fat-soluble vitamins, and improved well-being. Clinical response can be documented by showing a decrease in stool fat after enzyme replacement therapy. If steatorrhea is particularly severe and refractory to these measures, medium-chain triglycerides can be provided as a source of fat because they are absorbed without pancreatic enzymes and other dietary fats should be reduced proportionally. Supplementation with fat-soluble vitamins A, D, and K should be given, including vitamin E, which may minimize inflammation.

Management of diabetes
The patient should be referred to an endocrine specialist for the management of diabetes. Insulin should be given cautiously because the coexisting deficiency of glucagon secretion by alpha cells can result in unopposed and prolonged hypoglycemia, which is the hallmark of pancreatogenic diabetes (type 3c diabetes). Oral hypoglycemic drugs rarely help treat diabetes caused by chronic pancreatitis.

Treatment references
1. Gardner TB, Adler DG, Forsmark CE, et al: ACG Clinical Guideline: Chronic Pancreatitis. Am J Gastroenterol 115(3):322-339, 2020. doi: 10.14309/ajg.0000000000000535

2. Okazaki K, Chari ST, Frulloni L, et al: International consensus for the treatment of autoimmune pancreatitis. Pancreatology 17(1):1-6, 2017. doi: 10.1016/j.pan.2016.12.003

3. Kitano M, Gress TM, Garg PK, et al: International consensus guidelines on interventional endoscopy in chronic pancreatitis. Recommendations from the working group for the international consensus guidelines for chronic pancreatitis in collaboration with the International Association of Pancreatology, the American Pancreatic Association, the Japan Pancreas Society, and European Pancreatic Club. Pancreatology 20(6):1045-1055, 2020. doi: 10.1016/j.pan.2020.05.022

4. ASGE Standards of Practice Committee; Muthusamy VR, Chandrasekhara V, et al: The role of endoscopy in the diagnosis and treatment of inflammatory pancreatic fluid collections. Gastrointest Endosc 83(3):481-488, 2016. doi: 10.1016/j.gie.2015.11.027

5. Kempeneers MA, Issa Y, Ali UA, et al: International consensus guidelines for surgery and the timing of intervention in chronic pancreatitis. Pancreatology 20(2):149-157, 2020. doi: 10.1016/j.pan.2019.12.005

6. Bouwense SAW, Kempeneers MA, van Santvoort HC, et al: Surgery in Chronic Pancreatitis: Indication, Timing and Procedures. Visc Med 35(2):110-118, 2019. doi: 10.1159/000499612

7. Yang CJ, Bliss LA, Freedman SD, et al: Surgery for chronic pancreatitis: The role of early surgery in pain management. Pancreas 44(5):819–823, 2015. doi: 10.1097/MPA.0000000000000333

8. Whitcomb DC, Buchner AM, Forsmark CE: AGA Clinical Practice Update on the Epidemiology, Evaluation, and Management of Exocrine Pancreatic Insufficiency: Expert Review. Gastroenterology 165(5):1292-1301, 2023. doi: 10.1053/j.gastro.2023.07.007

Key Points
Recurrent attacks of acute pancreatitis may cause chronic persistent inflammation, ductal damage, and ultimately fibrosis, leading to chronic pancreatitis.

Patients have episodic abdominal pain, followed later in the disease by manifestations of malabsorption.

Diagnosis is based on clinical presentation, imaging studies, and pancreatic function tests.

Treatment of chronic pancreatitis principally includes pain control and management of complications, including pancreatic insufficiency."
Chronic Fatigue Syndrome,MSD,https://www.msdmanuals.com/professional/special-subjects/chronic-fatigue-syndrome/chronic-fatigue-syndrome?query=chronic,"Chronic Fatigue Syndrome


(Systemic Exertion Intolerance Disease; SEID; Myalgic Encephalomyelitis; ME/CFS)
ByStephen Gluckman, MD, Perelman School of Medicine at The University of Pennsylvania
Reviewed ByChristina A. Muzny, MD, MSPH, Division of Infectious Diseases, University of Alabama at Birmingham
Reviewed/Revised Jul 2023 | Modified Apr 2025
View Patient Education
Chronic fatigue syndrome (CFS, also called myalgic encephalomyelitis/chronic fatigue syndrome [ME/CFS]) is a syndrome of life-altering fatigue lasting > 6 months that is unexplained and is accompanied by a number of associated symptoms. Management includes validating the patient's disability, treating specific symptoms, and in some patients cognitive-behavioral therapy and a graded exercise program.

Etiology
|
Symptoms and Signs
|
Diagnosis
|
Treatment
|
Prognosis
|
Key Points
|
More Information
Topic Resources
3D Models (0)
Audios (0)
Calculators (0)
Images (0)
Tables (1)
Videos (0)

Although as many as 25% of people in the United States report being chronically fatigued (1), only about 0.5% of people meet criteria for having CFS (2). Although the term CFS was first used in 1988, the disorder has been well described since at least the mid 1700s but has had different names (eg, febricula, neurasthenia, chronic brucellosis, effort syndrome). CFS is most described among young and middle-aged women but has been noted in all ages, including children, and in both sexes.

CFS is not malingering (intentional feigning of symptoms). CFS does share many features with fibromyalgia, such as sleep disorders, mental cloudiness, fatigue, pain, and exacerbation of symptoms with activity.

References
1. Galland-Decker C, Marques-Vidal P, Vollenweider P: Prevalence and factors associated with fatigue in the Lausanne middle-aged population: a population-based, cross-sectional survey. BMJ Open 9(8):e027070, 2019. Published 2019 Aug 24. doi:10.1136/bmjopen-2018-027070

2. Valdez AR, Hancock EE, Adebayo S, et al: Estimating prevalence, demographics, and costs of ME/CFS using large scale medical claims data and machine learning. Front Pediatr 6:412, 2019. doi:10.3389/fped.2018.00412

Etiology of Chronic Fatigue Syndrome
Etiology of CFS is unknown. No infectious, hormonal, immunologic, or psychological cause has been established. Among the many proposed infectious causes, Epstein-Barr virus, Lyme disease, candidiasis, and cytomegalovirus have been proven not to cause CFS. Similarly, there are no allergic markers and no immunosuppression. People with CFS are not at increased risk for opportunistic infections.

Some people who have recovered from COVID-19 infection have become ""long-haulers"" with persistent symptoms. Some of these symptoms result from organ damage from the infection and/or treatment, and others may be from posttraumatic stress disorder (PTSD). In addition, in some patients, COVID-19 seems to trigger typical CFS. This association is being actively studied.

Various minor immunologic abnormalities have been reported. These abnormalities include low levels of IgG, abnormal IgG, decreased lymphocytic proliferation, low interferon-gamma levels in response to mitogens, poor cytotoxicity of natural killer cells, circulating autoantibodies and immune complexes, and many other immunologic findings. However, none provide adequate sensitivity and specificity for defining CFS. They do, however, underscore the physiologic legitimacy of CFS.

Relatives of patients with CFS have an increased risk of developing the syndrome, suggesting a genetic component or common environmental exposure. Recent studies have identified some genetic markers that might predispose to CFS. Some researchers believe the etiology will eventually be shown to be multifactorial, including a genetic predisposition and exposure to microbes, toxins, and other physical and/or emotional trauma.

Symptoms and Signs of Chronic Fatigue Syndrome
Before onset of CFS, most patients are highly functioning and successful.

Onset is usually abrupt, often following a psychologically or medically stressful event. Many patients report an initial viral-like illness with swollen lymph nodes, extreme fatigue, fever, and upper respiratory symptoms. The initial syndrome resolves but seems to trigger protracted severe fatigue, which interferes with daily activities and typically worsens with exertion but is alleviated poorly or not at all by rest. Patients often also have disturbances of sleep and cognition, such as memory problems, ""foggy thinking,"" hypersomnolence, and a feeling of having had unrefreshing sleep. Generalized pain is also a common complaint.

The physical examination is normal, with no objective signs of muscle weakness, arthritis, neuropathy, or organomegaly. However, some patients have low-grade fever, nonexudative pharyngitis, and/or palpable or tender (but not enlarged) lymph nodes.

Because patients typically appear healthy, friends, family, and even health care professionals sometimes express skepticism about their condition, which can worsen the frustration and/or depression patients often feel about their poorly understood disorder.

Diagnosis of Chronic Fatigue Syndrome
Clinical criteria

Laboratory evaluation to exclude non-CFS disorders

The diagnosis of CFS is made by the characteristic history combined with a normal physical examination and normal laboratory test results. Any abnormal physical findings or laboratory results must be evaluated and alternative diagnoses that cause those findings and/or the patient's symptoms excluded before the diagnosis of CFS can be made. The case definition is often useful but should be considered an epidemiologic and research tool and in some circumstances should not be strictly applied to individual patients.

Testing is directed at any non-CFS causes suspected based on objective clinical findings. If no cause is evident or suspected, a reasonable laboratory assessment includes complete blood count and measurement of electrolytes, blood urea nitrogen, creatinine, erythrocyte sedimentation rate, and thyroid-stimulating hormone. If indicated by clinical findings, further testing in selected patients may include chest x-ray, sleep studies, and testing for adrenal insufficiency. Serologic testing for infections, antinuclear antibodies, and neuroimaging are not indicated without objective evidence of disease on examination (ie, not just subjective complaints) or on basic testing; in such situations, pretest probability is low and so the risk of false-positive results is high. This can result in incorrect diagnoses, additional unnecessary testing, and inappropriate treatments.

In February 2015, the Institute of Medicine (now the Health and Medicine Division of The National Academies of Science, Engineering, and Medicine [""the National Academies""]) published an extensive review of this disease called Beyond Myalgic Encephalomyelitis/Chronic Fatigue Syndrome: Redefining an Illness. In this review, they proposed a new name, systemic exertion intolerance disease (SEID), and new diagnostic criteria that simplified the diagnosis and emphasized the most consistent features (see table Diagnostic Criteria for Chronic Fatigue Syndrome). In addition, the review clearly emphasized the validity of this debilitating disease. Referring the patient and family members to this document can help improve their understanding and emphasize the validity of their often disabling disease.

Table
Diagnostic Criteria for Chronic Fatigue Syndrome*

Diagnostic Criteria for Chronic Fatigue Syndrome*
Diagnosis requires that the patient have the following 3 symptoms:

A substantial reduction or impairment in the ability to engage in pre-illness levels of occupational, educational, social, or personal activities that persists for more than 6 months and is accompanied by fatigue, which is often profound, is of new or definite onset (not lifelong), is not the result of ongoing excessive exertion, and is not substantially alleviated by rest

Post-exertional malaise†

Unrefreshing sleep†

At least one of the following manifestations is also required:

Cognitive impairment†

Orthostatic intolerance

* Diagnostic criteria proposed by the Institute of Medicine (now the Health and Medicine Division of The National Academies of Science, Engineering, and Medicine) in February 2015.

† Frequency and severity of symptoms should be assessed. The diagnosis of myalgic encephalomyelitis/chronic fatigue syndrome (ME/CFS) should be questioned if patients do not have these symptoms at least half of the time with moderate, substantial, or severe intensity.

Treatment of Chronic Fatigue Syndrome
Acknowledgment of patient's symptoms

Sometimes cognitive-behavioral therapy

Sometimes graded exercise, limited to avoid a setback

Medications for depression, sleep, or pain if indicated

To provide effective care to patients with CFS, physicians must acknowledge and accept the validity of patients' symptoms. Whatever the underlying cause, these patients are not malingerers but are suffering and strongly desire a return to their previous state of health. For successful management patients need to accept and accommodate their disability, focusing on what they can still do instead of lamenting what they cannot do.

Cognitive-behavioral therapy and a graded exercise program have been helpful in some studies but not in others (1, 2). They should be considered for patients who are willing to try them and have access to the appropriate services. Depression is common and expected in any patient with a disability. This should be treated with antidepressants and/or psychiatric referral. Sleep disturbances should be aggressively managed with relaxation techniques and improved sleep hygiene (see table Approach to Patient, Sleep Hygiene).

If these measures are ineffective, hypnotic medications and/or referral to a sleep specialist may be necessary. Patients with pain (usually due to a component of fibromyalgia) can be treated using a number of medications such as pregabalin, duloxetine, amitriptyline, or gabapentin. Physical therapy is also often helpful. Treatment for orthostatic hypotension may also be helpful.

Unproven or disproven treatments, such as antivirals, immunosuppressants, elimination diets, and amalgam extractions, should be avoided.

Treatment references
1. Vink M, Vink-Niese A: Graded exercise therapy for myalgic encephalomyelitis/chronic fatigue syndrome is not effective and unsafe. Re-analysis of a Cochrane review. Health Psychol Open 5(2):2055102918805187, 2018. doi:10.1177/2055102918805187

2. Larun  L, Brurberg  KG, et al: Exercise therapy for chronic fatigue syndrome. Cochrane Database of Systematic Reviews Issue 10. Art. No.: CD003200, 2019. doi: 10.1002/14651858.CD003200.pub8

Prognosis for Chronic Fatigue Syndrome
Most patients with CFS improve over time though often not back to their pre-illness state. That time is typically years and improvement is often only partial. Some evidence indicates that earlier diagnosis and intervention improve the prognosis.

Key Points
Chronic fatigue syndrome (CFS) is life-altering fatigue lasting > 6 months that typically affects previously healthy and active people; it is not malingering.

Etiology is unclear but probably involves multiple factors, including genetic susceptibility, microbial exposure, and environmental and psychological factors.

Diagnose CFS based on characteristic symptoms in patients with a normal examination and normal basic laboratory test results; Institute of Medicine (now the Health and Medicine Division of The National Academies of Science, Engineering, and Medicine) criteria may be helpful but are not strictly applied to individual patients.

Validate patients' symptoms, encourage them to accept and accommodate to their disabilities, and perhaps try cognitive-behavioral therapy and/or graded exercise.

Use medications as needed to treat specific symptoms (eg, pain, depression, insomnia)."
Chronic Kidney Disease,MSD,https://www.msdmanuals.com/professional/genitourinary-disorders/chronic-kidney-disease/chronic-kidney-disease?query=chronic,"Chronic Kidney Disease


(Chronic Renal Failure; CKD)
ByAnna Malkina, MD, University of California, San Francisco
Reviewed ByNavin Jaipaul, MD, MHS, Loma Linda University School of Medicine
Reviewed/Revised Feb 2025 | Modified Jul 2025
View Patient Education
Chronic kidney disease (CKD) is long-standing, progressive deterioration of renal function. Symptoms develop slowly and in advanced stages include anorexia, nausea, vomiting, stomatitis, dysgeusia, nocturia, lassitude, fatigue, pruritus, decreased mental acuity, muscle twitches and cramps, water retention, undernutrition, peripheral neuropathies, and seizures. Diagnosis is based on laboratory testing of renal function, sometimes followed by renal biopsy. Treatment is primarily directed at the underlying condition but includes fluid and electrolyte management, blood pressure control, treatment of anemia, various types of dialysis, and kidney transplantation.

Etiology
|
Pathophysiology
|
Symptoms and Signs
|
Diagnosis
|
Treatment
|
Prognosis
|
Key Points
Topic Resources
3D Models (0)
Audios (0)
Calculators (1)
Images (1)
Tables (2)
Videos (0)

Prevalence of CKD (defined as estimated glomerular filtration rate [eGFR] <60 mL/min/1.73m2 or urinary albumin to creatinine ratio [ACR] ≥30 mg/g) among adults in the United States from 2017 through March 2020 was estimated to be 14.0% (1).

General reference
1. United States Renal Data System (USRDS): CKD in the general population. 2022 Annual Data Update. Accessed January 28, 2025.

Etiology of Chronic Kidney Disease
Chronic kidney disease may result from any cause of renal dysfunction of sufficient magnitude (see table Major Causes of Chronic Kidney Disease).

The most common causes in the United States in order of prevalence are

Diabetic nephropathy

Hypertensive nephrosclerosis

Various primary and secondary glomerulopathies

Metabolic syndrome, in which hypertension and type 2 diabetes are present, is a large and growing cause of renal damage.

Table
Major Causes of Chronic Kidney Disease
Pathophysiology of Chronic Kidney Disease
Chronic kidney disease (CKD) is initially described as diminished renal reserve or renal insufficiency, which may progress to renal failure (end-stage kidney disease). Initially, as renal tissue loses function, there are few noticeable abnormalities because the remaining tissue increases its performance (renal functional adaptation).

Decreased renal function interferes with the kidneys’ ability to maintain fluid and electrolyte homeostasis. The ability to concentrate urine declines early and is followed by decreases in ability to excrete excess phosphate, acid, and potassium. When renal failure is advanced (glomerular filtration rate [GFR] ≤ 15 mL/min/1.73 m2), the ability to effectively dilute or concentrate urine is lost; thus, urine osmolality is usually fixed at approximately 300 to 320 mOsm/kg, close to that of plasma (275 to 295 mOsm/kg), and urinary volume does not respond readily to variations in water intake.

Creatinine and urea
Plasma concentrations of creatinine and urea (which are highly dependent on glomerular filtration) begin a hyperbolic rise as GFR diminishes. These changes are minimal early on. When the GFR falls below 15 mL/min/1.73 m2 (normal > 90 mL/min/1.73 m2), creatinine and urea levels are high and are usually associated with systemic manifestations (uremia). Urea and creatinine are not major contributors to the uremic symptoms; they are markers for many other substances (some not yet well defined) that cause the symptoms.

Sodium and water
Despite a diminishing GFR, sodium and water balance is well-maintained by increased fractional excretion of sodium in urine and a normal response to thirst. Thus, the plasma sodium concentration is typically normal, and hypervolemia is infrequent unless dietary intake of sodium or water is very restricted or excessive. Heart failure can occur due to sodium and water overload, particularly in patients with decreased cardiac reserve.

Potassium
For substances whose secretion is controlled mainly through distal nephron secretion (eg, potassium), renal adaptation usually maintains plasma levels at normal until renal failure is advanced or dietary potassium intake is excessive. Potassium-sparing diuretics, angiotensin-converting enzyme inhibitors, beta-blockers, nonsteroidal anti-inflammatory drugs (NSAIDs), cyclosporine, tacrolimus, trimethoprim/sulfamethoxazole, pentamidine, or angiotensin II receptor blockers may raise plasma potassium levels in patients with less advanced renal failure.

Calcium and phosphate
Abnormalities of calcium, phosphate, parathyroid hormone (PTH), and vitamin D metabolism can occur, as can renal osteodystrophy. Decreased renal production of calcitriol (1,25(OH)2D, the active vitamin D hormone) contributes to hypocalcemia. Decreased renal excretion of phosphate results in hyperphosphatemia. Secondary hyperparathyroidism is common and can develop in renal failure before abnormalities in calcium or phosphate concentrations occur. For this reason, monitoring PTH in patients with moderate CKD, even before hyperphosphatemia occurs, has been recommended.

Renal osteodystrophy (abnormal bone mineralization resulting from hyperparathyroidism, calcitriol deficiency, elevated serum phosphate, or low or normal serum calcium) usually takes the form of increased bone turnover due to hyperparathyroid bone disease (osteitis fibrosa) but can also involve decreased bone turnover due to adynamic bone disease (due to excessive parathyroid suppression) or osteomalacia. Calcitriol deficiency may cause osteopenia or osteomalacia.

pH and bicarbonate
Moderate metabolic acidosis (plasma bicarbonate content 15 to 20 mmol/L) is characteristic. Acidosis causes muscle wasting due to protein catabolism, bone loss due to bone buffering of acid, and accelerated progression of kidney disease.

Anemia
Anemia is characteristic of moderate to advanced CKD (≥ stage 3). The anemia of CKD is normochromic-normocytic, with a hematocrit of 20 to 30% (35 to 40% in patients with polycystic kidney disease). It is usually caused by deficient erythropoietin production due to a reduction of functional renal mass (see page Anemias Caused by Deficient Erythropoiesis). Other causes include deficiencies of iron, folate, and vitamin B12.

Symptoms and Signs of Chronic Kidney Disease
Patients with mildly diminished renal reserve are asymptomatic. Even patients with mild to moderate renal insufficiency may have no symptoms despite elevated blood urea nitrogen (BUN) and creatinine. Nocturia is often noted, principally due to failure to concentrate the urine. Lassitude, fatigue, anorexia, and decreased mental acuity often are the earliest manifestations of uremia.

With more severe renal disease (eg, estimated glomerular filtration rate [eGFR] < 15 mL/min/1.73 m2), neuromuscular symptoms may be present, including coarse muscular twitches, peripheral sensory and motor neuropathies, muscle cramps, hyperreflexia, restless legs syndrome, and seizures (usually the result of hypertensive or metabolic encephalopathy).

Anorexia, nausea, vomiting, weight loss, stomatitis, and an unpleasant taste in the mouth are almost uniformly present. The skin may be yellow-brown and/or dry. Occasionally, urea from sweat crystallizes on the skin (uremic frost). Pruritus may be especially uncomfortable. Undernutrition leading to generalized tissue wasting is a prominent feature of chronic uremia.

Uremic Frost


Image
© Springer Science+Business Media

In advanced CKD, pericarditis and gastrointestinal ulceration and bleeding may occur. Hypertension is present in > 80% of patients with advanced CKD and is usually related to hypervolemia. Heart failure caused by hypertension or coronary artery disease and renal retention of sodium and water may lead to dependent edema and/or dyspnea.

Diagnosis of Chronic Kidney Disease
Estimated glomerular filtration rate (eGFR) using creatinine, or if cystatin C is available then eGFR calculation based on combination of creatinine and cystatin C (1)

Electrolytes, blood urea nitrogen (BUN), creatinine, phosphate, calcium, complete blood count (CBC)

Urinalysis (including urinary sediment examination)

Quantitative urine protein (24-hour urine protein collection or spot urine protein to creatinine ratio)

Ultrasound

Sometimes renal biopsy

Chronic kidney disease (CKD) is usually first suspected when serum creatinine rises. The initial step is to determine whether the renal failure is acute, chronic, or acute superimposed on chronic (ie, an acute disease that further compromises renal function in a patient with CKD—see table Distinguishing Acute Kidney Injury From Chronic Kidney Disease). The cause of renal failure is also determined. Sometimes determining the duration of renal failure helps determine the cause; sometimes it is easier to determine the cause than the duration, and determining the cause helps determine the duration.

Table
Distinguishing Acute Kidney Injury From Chronic Kidney Disease
The etiology of acute kidney injury (AKI) and CKD is determined based on clinical context, personal and family history, social and environmental factors, medications (including over-the-counter) and supplements, physical examination, and possibly genetic testing (1). Sometimes specific serologic tests are needed to determine the cause. In AKI, serum creatinine rises rapidly over days to few months. Urinalysis findings depend on the nature of the underlying disorder, but broad (> 3 white blood cell diameters wide) or especially waxy (highly refractile) casts often are prominent in advanced renal failure of any cause.

An ultrasound examination of the kidneys is usually helpful in evaluating for obstructive uropathy and in distinguishing acute kidney injury from CKD based on kidney size. Except in certain conditions (see table Distinguishing Acute Kidney Injury From Chronic Kidney Disease), patients with CKD have small, shrunken kidneys (usually < 10 cm in length) with thinned, hyperechoic cortex. Obtaining a precise diagnosis becomes increasingly difficult as renal function reaches values close to those of end-stage kidney disease. The definitive diagnostic tool is renal biopsy, but it is not recommended when ultrasound indicates small, fibrotic kidneys; high procedural risk outweighs low diagnostic yield.

Stages of chronic kidney disease
Staging CKD is a way of quantifying its severity. CKD has been classified into 5 stages.

Stage 1: Normal GFR (≥ 90 mL/min/1.73 m2) plus either persistent albuminuria or known structural or hereditary renal disease

Stage 2: GFR 60 to 89 mL/min/1.73 m2

Stage 3a: 45 to 59 mL/min/1.73 m2

Stage 3b: 30 to 44 mL/min/1.73 m2

Stage 4: GFR 15 to 29 mL/min/1.73 m2

Stage 5: GFR < 15 mL/min/1.73 m2

GFR (in mL/min/1.73 m2) in CKD can be estimated by the Chronic Kidney Disease Epidemiology Collaboration (CKD-EPI 2021) creatinine equation:


equation
,

where

Scr = standardized serum creatinine in mg/dL

κ = 0.7 (females) or 0.9 (males)

α = -0.241 (female) or -0.302 (male)

min(Scr/κ, 1) = minimum of Scr/κ or 1.0

max(Scr/κ, 1) = maximum of Scr/κ or 1.0

Age (years)

In contrast to prior versions, the most recent equation does not adjust for race, so as to reduce racial inequities in CKD diagnosis and thus treatment. Alternatively, GFR can be estimated using timed (most commonly 24-hour) urine creatinine clearance that includes measured serum and urine creatinine; this equation tends to overestimate GFR by 10 to 20%. It is used when serum creatinine assessment may not be as accurate (eg, in patients who are sedentary, very obese, or very thin). Serum cystatin C is an alternative endogenous GFR marker used as a confirmatory test in people with nonrenal factors affecting serum creatinine level (eg, extremely high or low muscle mass, exogenous creatine intake, amputations or neuromuscular diseases, and high protein or exclusively plant-based diets). GFR is calculated using CKD-EPI cystatin C equation.

The CKD-EPI 2021 formula is more accurate than the Modification of Diet in Renal Disease (MDRD) and Cockcroft-Gault formulas, particularly for patients with a GFR near normal values. The CKD-EPI equation yields fewer falsely positive results indicating chronic kidney disease and predicts outcome better than the other formulas.

Clinical Calculators
Creatinine Clearance (measured)

Clinical Calculators
Diagnosis reference
1. Kidney Disease: Improving Global Outcomes (KDIGO) CKD Work Group. KDIGO 2024 Clinical Practice Guideline for the Evaluation and Management of Chronic Kidney Disease. Kidney Int. 2024;105(4S):S117-S314. doi:10.1016/j.kint.2023.10.018

Treatment of Chronic Kidney Disease
Control of underlying disorders

Possible restriction of dietary protein, phosphate, and potassium

Vitamin D supplements

Treatment of anemia

Treatment of contributing comorbidities (eg, heart failure, diabetes mellitus, nephrolithiasis, prostatic hypertrophy)

Doses of all medications adjusted as needed

Treatment of metabolic acidosis to a serum bicarbonate goal of >18 mmol/L (>18 mEq/L)

Dialysis for severely decreased glomerular filtration rate (GFR) if symptoms and signs not adequately managed by medical interventions

Underlying disorders and contributory factors must be controlled. In particular, controlling hyperglycemia in patients with diabetic nephropathy and controlling hypertension in all patients substantially slows deterioration of GFR.

For hypertension, the recommended standardized systolic blood pressure goal (office-based measurement) is < 120 mmHg, when tolerated. However, less intensive goals are set for people with frailty, high risk of falls and fractures, limited life expectancy, or symptomatic postural hypotension (1). Angiotensin-converting enzyme (ACE) inhibitors and angiotensin II receptor blockers (ARBs) decrease the rate of decline in GFR in patients with most causes of chronic kidney disease (CKD), particularly those with proteinuria. Increasing evidence suggests that, compared with either medication alone, combined use of ACE inhibitors and ARBs increases incidence of complications and does not slow decline in renal function, even though combined use does reduce proteinuria more (2). Sodium-glucose cotransporter-2 (SGLT2) inhibitors delay progression of proteinuric CKD in patients with or without diabetes, although these medications are contraindicated in patients with type 1 diabetes mellitus (3). Patients with type 2 diabetes mellitus and CKD with albuminuria despite ACE/ARB and SGLT2 may benefit from adding a nonsteroidal mineralocorticoid receptor antagonist (NSMRA) (eg, finerenone) as long as eGFR> 25 and there is no hyperkalemia (1).

Activity need not be restricted, although fatigue and lassitude usually limit a patient’s capacity for exercise.

Pruritus may respond to dietary phosphate restriction and phosphate binders if serum phosphate is elevated.

Nutrition
Moderate protein restriction (0.8 g/kg/day) among patients with estimated GFR (eGFR) < 60 mL/min/1.73 m2 without nephrotic syndrome is recommended in patients without frailty, sarcopenia, or metabolic derangements. Severe (0.3 to 0.4 g/kg/day) protein restriction could be considered for motivated patients under the close supervision of a dietitian, to assure intake of adequate essential amino acids. Many uremic symptoms markedly lessen when protein catabolism and urea generation are reduced. Also, the rate of progression of CKD may slow down. Sufficient carbohydrate and fat are given to meet energy requirements and prevent ketosis. Patients for whom < 0.8 g/kg/day of protein has been prescribed should be closely followed by a dietitian.

Aim for a total dietary sodium intake of < 2 g/day, especially for patients with volume overload, elevated blood pressure, or heart failure.

Because dietary restrictions may reduce necessary vitamin intake, patients should take a multivitamin containing water-soluble vitamins. Administration of vitamins A and E is unnecessary. Vitamins D2 (ergocalciferol) or D3 (cholecalciferol) are not given routinely but are used based on blood levels of vitamin D 25-OH and PTH.

Dyslipidemia should be addressed. Dietary modification may be helpful for hypertriglyceridemia. Statins are effective for hypercholesterolemia. Fibric acid derivatives (clofibrate, gemfibrozil) may increase risk of rhabdomyolysis in patients with CKD, especially if taken with statin medications, whereas ezetimibe (which reduces cholesterol absorption) appears relatively safe. Correction of hypercholesterolemia is intended to reduce risk of cardiovascular disease, which is increased in patients with CKD (4).

Mineral and bone disorders
Based on updated KDIGO (Kidney Disease Improving Global Outcomes) 2024 clinical practice guidelines (1), it is recommended that serum levels of calcium, phosphate, PTH, vitamin D 25-OH, and alkaline phosphatase activity be monitored beginning in CKD stage 3a. Frequency of monitoring depends on severity of CKD, magnitude of above abnormalities, and frequency of therapeutic interventions. Bone biopsy is the most definitive evaluation to determine the type of renal osteodystrophy.

Hyperphosphatemia should be treated with

Dietary phosphate restriction

Phosphate binders

Phosphate restriction to 0.8 to 1 g/day of dietary intake is typically sufficient to normalize serum phosphate level in patients with eGFR < 60 mL/min/1.73 m2. Additional intestinal phosphate binders (calcium-containing [eg, calcium acetate] or non–calcium-containing [eg, sevelamer]) may be necessary for adequate control of hyperphosphatemia, which has been associated with increased cardiovascular risk. Non–calcium-containing binders are preferred in patients with hypercalcemia, suspected adynamic bone disease, or evidence of vascular calcification on imaging. If calcium-containing binders are prescribed, then the total dietary and medication sources of calcium should not exceed 2000 mg/day in patients with eGFR < 60 mL/min/1.73 m2.

Vitamin D deficiency should be treated with cholecalciferol (vitamin D3) or ergocalciferol (vitamin D2) to target serum vitamin D 25-OH level approximately 30 to 50 ng/mL, as long as there is no hyperphosphatemia or hypercalcemia.

The optimal level of PTH in patients with CKD stages 3a to 5 not on dialysis is not known. However, if PTH levels are progressively rising or are markedly elevated (above 9 times the upper limit of normal for the assay), despite treatment of hyperphosphatemia and vitamin D deficiency, then an active vitamin D analog (eg, calcitriol) or a calcimimetic (for example, cinacalcet) is recommended. PTH levels are not corrected to normal because doing so risks precipitating adynamic bone disease.

Fluid and electrolytes
Restricted water intake is required only when serum sodium concentration is < 135 mmol/L (or mEq/L) or there is heart failure or severe edema.

Sodium restriction of < 2 g/day is recommended for CKD patients with eGFR < 60 mL/m/1.73 m2 who have hypertension, volume overload, or proteinuria.

Potassium restriction is individualized based on serum level, eGFR, dietary customs, and use of medications that increase potassium levels (eg, ACE, ARBs, or potassium-sparing diuretics). Typically, potassium restriction is not needed with eGFR >30 mL/min/1.73 m2. Treatment of mild to moderate hyperkalemia (5.1 to 6 mmol/L or mEq/L) entails dietary restriction (including avoiding salt substitutes), correction of metabolic acidosis, and use of potassium-lowering diuretics (eg, furosemide) and gastrointestinal cation exchangers (eg, patiromer). Severe hyperkalemia (> 6 mmol/L or mEq/L) warrants urgent treatment.

Metabolic acidosis should be treated to bring serum bicarbonate to > 18 mmol/L to help reverse or slow muscle wasting, bone loss, and progression of CKD. Acidosis can be corrected with oral alkali sources such as sodium bicarbonate or an alkaline-ash diet (primarily fruits and vegetables). Sodium bicarbonate 1 to 2 g orally twice a day is given and the amount is increased gradually until bicarbonate concentration is > 18 mmol/L or until evidence of sodium overloading prevents further therapy. If the alkaline-ash diet is used, serum potassium is monitored because fruits and vegetables contain potassium (5).

Anemia and coagulation disorders
Anemia is a common complication of moderate to advanced CKD (≥ stage 3) and, when hemoglobin is < 10g/dL, is treated with erythropoiesis-stimulating agents (ESA), such as recombinant human erythropoietin (eg, epoetin alfa). Due to risk of cardiovascular complications, including stroke, thrombosis, and death, the lowest dose of these agents needed to keep the Hb between 10 and 11 g/dL is used.

Because of increased iron utilization with stimulated erythropoiesis, iron stores must be replaced, often requiring parenteral iron. Iron concentrations, iron-binding capacity, and ferritin concentrations should be followed closely. Target transferrin saturation (TSAT), calculated by dividing serum iron by total iron binding capacity and multiplying by 100%, should be > 20%. Target ferritin in patients not on dialysis is>100 ng/mL. Transfusion should not be done unless anemia is severe (Hb < 8 g/dL) or causes symptoms.

The bleeding tendency in CKD rarely needs treatment. Cryoprecipitate, red blood cell transfusions, desmopressin 0.3 to 0.4 mcg/kg (20 mcg maximum) in 20 mL of isotonic saline IV over 20 to 30 minutes, or conjugated estrogens 2.5 to 5 mg orally once a day help when needed. The effects of these treatments last 12 to 48 hours, except for conjugated estrogens, which may last for several days.

Heart failure
Symptomatic heart failure is treated with

Sodium restriction

Diuretics

Sometimes, dialysis

Loop diuretics such as furosemide usually are effective even when renal function is markedly reduced, although large doses may be needed. If left ventricular function is depressed, ACE inhibitors (or ARBs) and beta-blockers (carvedilol or metoprolol) should be used. Aldosterone receptor antagonists (eg, spironolactone) and sometimes sodium-glucose cotransporter-2 (SLGT2) inhibitors are recommended in patients with advanced stages of heart failure. Digoxin may be added, but the dosage must be reduced based on degree of renal function.

Moderate or severe hypertension should be treated to avoid its deleterious effects on cardiac and renal function. Patients who do not respond to sodium restriction (1.5 g/day), should receive diuretics. Loop diuretics (eg, furosemide) may be combined with thiazide diuretics (eg, chlorthalidone, hydrochlorothiazide, metolazone) if hypertension or edema is not controlled. Even in renal failure, the combination of a thiazide diuretic with a loop diuretic is quite potent and must be used with caution to avoid overdiuresis.

Occasionally, dialysis may be required to control heart failure. If reduction of the volume of extracellular fluid does not control blood pressure, conventional antihypertensives (ACE inhibitors, ARBs, beta-blockers) are added. Azotemia may increase with such treatment and may be necessary for adequate control of heart failure and/or hypertension.

Medications
Renal excretion of medications is often impaired in patients with renal failure. Common medications that require revised dosing include penicillins, cephalosporins, aminoglycosides, fluoroquinolones, vancomycin, and digoxin. Hemodialysis reduces the serum concentrations of some medications, which should be supplemented after hemodialysis. It is strongly recommended that physicians consult a reference on drug dosing in renal failure before prescribing medications to these very vulnerable patients (6–8).

Most experts recommend avoiding NSAIDs (nonsteroidal anti-inflammatory drugs) in patients with CKD because they may worsen renal function, exacerbate hypertension, and precipitate electrolyte disturbances.

Certain medications should be avoided entirely in patients with chronic kidney disease with eGFR < 60 mL/min/1.73m2. They include nitrofurantoin and phenazopyridine. The MRI contrast agent gadolinium has been associated with the development of nephrogenic systemic fibrosis in patients with estimated GFR < 30 mL/min/1.73m2 in the past. More recently, class II gadolinium agents are considered safer and preferred when gadolinium is indicated for patients with eGFR <30 or on dialysis (8).

Dialysis
Dialysis is usually initiated at the onset of either of the following:

Uremic symptoms (eg, anorexia, nausea, vomiting, weight loss, pericarditis, pleuritis)

Difficulty controlling fluid overload, hyperkalemia, or acidosis with medications and lifestyle interventions

These problems typically occur when the estimated GFR reaches ≤ 10 mL/min in a patient without diabetes or ≤ 15 mL/min in a patient with diabetes; patients whose estimated GFR values are near these values should be closely monitored so that these signs and symptoms are recognized early. Dialysis is best anticipated so that preparations can be made and urgent insertion of a hemodialysis catheter can be avoided. Such preparations usually begin when the patient is in early to mid stage 4 CKD; preparation allows time for patient education, selection of the type of dialysis, and timely creation of an arteriovenous fistula or placement of a peritoneal dialysis catheter. (For dialysis preparation, see Hemodialysis.)

Pearls & Pitfalls

Begin preparation for dialysis, kidney transplantation, or palliative care during early to mid stage 4 CKD to allow adequate time for patient education and selection of treatment modality, along with any associated preparatory procedures.

Transplantation
If a living kidney donor is available, better long-term outcomes occur when a patient receives the transplanted kidney early, even before beginning dialysis. Patients who are transplant candidates but have no living donor should be placed on the waiting list of their regional transplant center early because wait times may exceed several years in many regions of the United States.

Treatment references
1. Kidney Disease: Improving Global Outcomes (KDIGO) CKD Work Group. KDIGO 2024 Clinical Practice Guideline for the Evaluation and Management of Chronic Kidney Disease. Kidney Int. 2024;105(4S):S117-S314. doi:10.1016/j.kint.2023.10.018

2. Mann JF, Schmieder RE, McQueen M, et al. Renal outcomes with telmisartan, ramipril, or both, in people at high vascular risk (the ONTARGET study): a multicentre, randomised, double-blind, controlled trial. Lancet. 2008;372(9638):547-553. doi:10.1016/S0140-6736(08)61236-2

3. Perkovic V, Jardine MJ, Neal B, et al. Canagliflozin and renal outcomes in type 2 diabetes and nephropathy.  N Engl J Med. 380(24):2295-2306, 2019. doi: 10.1056/NEJMoa1811744

4. National Institute of Diabetes and Digestive and Kidney Diseases. Determining Drug Dosing in Adults with Chronic Kidney Disease. Accessed January 30, 2025.

5. Goraya N, Simoni J, Jo CH, Wesson DE. A comparison of treating metabolic acidosis in CKD stage 4 hypertensive kidney disease with fruits and vegetables or sodium bicarbonate. Clin J Am Soc Nephrol. 2013;8(3):371-381. doi:10.2215/CJN.02430312

6. Munar MY, Singh HD. Drug dosing adjustments in patients with chronic kidney disease. Am Fam Physician. 75:1487-1496, 2007.

7. Matzke GR, Aronoff GR, Atkinson AJ, et al. Drug dosing consideration in patients with acute and chronic kidney disease—a clinical update from Kidney Disease: Improving Global Outcomes (KDIGO). Kidney Int. 80:1122–1137, 2011. doi:10.1038/ki.2011.322

8. ACR Committee on Drugs and Contrast Media. ACR Manual on Contrast Media. American College of Radiology. 2021. ISBN: 978-1-55903-012-0. Accessed January 30, 2025.

Prognosis for Chronic Kidney Disease
Progression of chronic kidney disease (CKD) is predicted in most cases by the degree of proteinuria. (See the Kidney Failure Risk Equation.) Patients with nephrotic-range proteinuria (> 3 g/24 h or urine protein/creatinine ratio > 3) usually have a poorer prognosis and progress to renal failure more rapidly. Progression may occur even if the underlying disorder is not active. In patients with urine protein < 1.5 g/24 h, progression usually occurs more slowly if at all. Hypertension, acidosis, and hyperparathyroidism are associated with more rapid progression as well.

Key Points
Common causes of CKD in the United States are diabetic nephropathy (the most common), hypertensive nephrosclerosis, glomerulopathies, and metabolic syndrome.

Effects of CKD can include hypocalcemia, hyperphosphatemia, metabolic acidosis, anemia, secondary hyperparathyroidism, and renal osteodystrophy.

Distinguish CKD from acute kidney injury based on history, clinical findings, routine laboratory tests, and ultrasound.

Control underlying disorders (eg, diabetes) and BP levels (usually with an ACE inhibitor or ARB).

Treat patients with proteinuric CKD with an ACE inhibitor or ARB plus an SGLT2 inhibitor and then a NSMRA.

Give supplemental vitamin D and/or sodium bicarbonate and restrict potassium and phosphate as needed.

Treat heart failure, anemia, and other complications.

Educate patients with advanced CKD on treatment options (dialysis, kidney transplantation, or palliative care) early, to allow adequate time for planning.

Initiate dialysis for patients with severely decreased eGFR when signs and symptoms are inadequately controlled with medications and lifestyle interventions."
Chronic Abdominal Pain and Recurrent Abdominal Pain,MSD,https://www.msdmanuals.com/professional/gastrointestinal-disorders/symptoms-of-gastrointestinal-disorders/chronic-abdominal-pain-and-recurrent-abdominal-pain?query=chronic,"Chronic Abdominal Pain and Recurrent Abdominal Pain


ByJonathan Gotfried, MD, Lewis Katz School of Medicine at Temple University
Reviewed ByMinhhuyen Nguyen, MD, Fox Chase Cancer Center, Temple University
Reviewed/Revised May 2024
View Patient Education
Pathophysiology
|
Etiology
|
Evaluation
|
Treatment
|
Key Points
|
More Information
Topic Resources
3D Models (0)
Audios (0)
Calculators (0)
Images (0)
Tables (1)
Videos (0)
Chronic abdominal pain (CAP) is pain that persists for more than 3 months either continuously or intermittently. Intermittent pain may be referred to as recurrent abdominal pain (RAP). Acute abdominal pain is discussed elsewhere.

CAP occurs any time after 5 years of age. In a large cohort study, 11% of children reported RAP at ≥ 1 assessment (1). About 2% of adults, predominantly women, have CAP (a much higher percentage of adults have some type of chronic gastrointestinal [GI] symptoms, including nonulcer dyspepsia and various bowel disturbances).

Functional bowel disorders are common causes of chronic abdominal pain. Irritable bowel syndrome (IBS) is a functional bowel disorder that causes recurrent abdominal pain and altered bowel habits. Centrally mediated abdominal pain syndrome, previously known as functional abdominal pain, is a similar but less common disorder that does not cause altered bowel habits. (See the American College of Gastroenterology's 2021 clinical guideline for the management of IBS.)

Nearly all patients with CAP have had a prior medical evaluation that did not yield a diagnosis after history, physical, and basic testing.

General reference
1. Sjölund J, Uusijärvi A, Tornkvist NT, et al. Prevalence and Progression of Recurrent Abdominal Pain, From Early Childhood to Adolescence. Clin Gastroenterol Hepatol. 2021;19(5):930-938.e8. doi:10.1016/j.cgh.2020.04.047

Pathophysiology
Physiologic causes of chronic abdominal pain (see table Physiologic Causes of Chronic Abdominal Pain) result from stimuli of visceral receptors (mechanical, chemical, or both). Pain may be localized or referred, depending on innervation and specific organ involvement.

Irritable bowel syndrome and centrally mediated abdominal pain syndrome cause pain that persists > 6 months without evidence of physiologic disease. The pathophysiology of these disorders is complex and seems to involve altered intestinal motility, increased visceral nociception, and psychological factors. Visceral hyperalgesia refers to hypersensitivity to normal amounts of intraluminal distention and heightened perception of pain in the presence of normal quantities of intestinal gas; it may result from remodeling of neural pathways in the gut-brain axis.

Etiology
Perhaps 10% of patients have an occult physiologic illness (see table Physiologic Causes of Chronic Abdominal Pain); the remainder have a functional process. However, determining whether a particular abnormality (eg, adhesions, ovarian cyst, endometriosis) is the cause of CAP symptoms or an incidental finding can be difficult.

Table
Physiologic Causes of Chronic Abdominal Pain
Evaluation
History
History of present illness should elicit pain location, quality, duration, timing and frequency of recurrence, and factors that worsen or relieve pain (particularly eating or moving bowels). A specific inquiry as to whether milk and milk products cause abdominal cramps, bloating, or distention is needed because lactose intolerance is common, especially among people of African, Hispanic, Asian (particularly East Asian countries), and American Indian heritage, with increasing frequency with aging.

Review of systems seeks concomitant GI symptoms such as gastroesophageal reflux, anorexia, bloating or “gas,” nausea, vomiting, jaundice, melena, hematuria, hematemesis, weight loss, and mucus or blood in the stool. Bowel symptoms, such as diarrhea, constipation, and changes in stool consistency, color, or elimination pattern, are particularly important.

Diet history is important. For example, ingestion of large amounts of cola beverages, fruit juices (which may contain significant quantities of fructose and sorbitol), or gas-producing foods (eg, beans, onions, cabbage, cauliflower) can account for otherwise puzzling abdominal pain.

Past medical history should include nature and timing of any abdominal surgery and the results of previous tests that have been done and treatments that have been tried. A medication/drug history should include details concerning prescription and illicit drug use as well as alcohol.

Family history of RAP, fevers, or both should be ascertained, as well as known diagnoses of sickle cell trait or disease, familial Mediterranean fever, and porphyria.

Physical examination
Review of vital signs should particularly note presence of fever or tachycardia.

General examination should seek presence of jaundice, rash, and peripheral edema.

Abdominal examination should note areas of tenderness, presence of peritoneal findings (eg, guarding, rigidity, rebound), and any masses or organomegaly. Evaluation for abdominal wall pain (Carnett sign) can help distinguish between somatic and visceral pain (1).

Rectal examination and (in women) pelvic examination to locate tenderness and masses and stool examination for occult blood are essential.

Red flags
The following findings are of particular concern:

Fever

Anorexia, weight loss

Pain that awakens patient

Blood in vomit, stool, or urine

Severe or frequent vomiting

Jaundice

Edema

Abdominal mass or organomegaly

Interpretation of findings
Clinical examination alone infrequently provides a firm diagnosis.

Determining whether CAP is physiologic or functional can be difficult. Although the presence of red flag findings indicates a high likelihood of a physiologic cause, their absence does not rule it out. With a physiologic cause, pain is usually well localized, especially to areas other than the periumbilical region. Pain that wakes the patient is usually physiologic. Some findings suggestive of specific disorders are listed in table Physiologic Causes of Chronic Abdominal Pain.

Functional CAP may result in pain similar to that of physiologic origin. However, there are no associated red flag findings, and psychosocial features are often prominent. A history of physical or sexual abuse or an unresolved loss (eg, divorce, miscarriage, death of a family member) may be a clue.

The Rome IV criteria are consensus guidelines that provide a framework for diagnosing functional gastrointestinal disorders, including irritable bowel syndrome (2). According to these criteria, irritable bowel syndrome is defined as the presence of abdominal pain for at least 1 day/week in the last 3 months along with at least 2 of the following:

Pain is related to defecation.

Pain is associated with a change in frequency of defecation.

Pain is associated with a change in consistency of stool.

Evaluation references
1. Schneiderman H, Lopetegui-Lia N, Nichols J: The enduring and practical power of physical examination: Carnett sign. Am J Med 133(6):682-684, 2020. doi: 10.1016/j.amjmed.2019.09.027

2. Drossman DA: Functional gastrointestinal disorders: History, pathophysiology, clinical features, and Rome IV. Gastroenterology 150:1262–1279, 2016. doi: 10.1053/j.gastro.2016.02.032

Testing
In general, simple tests (including urinalysis, complete blood count, liver tests, blood urea nitrogen, glucose, and lipase) should be done. Abnormalities in these tests, the presence of red flag findings, or specific clinical findings mandate further testing, even if previous assessments have been negative. Specific tests depend on the findings (see Physiologic Causes of Chronic Abdominal Pain) but typically include ultrasound for ovarian cancer in women > 50 years, CT of the abdomen and pelvis with contrast, upper GI endoscopy (particularly in patients > 60 years old) or colonoscopy, and perhaps small-bowel imaging or stool testing.

The benefits of testing patients with no red flag findings are unclear. Patients > 45 or with risk factors for colon cancer (eg, family history) should undergo colonoscopy if not previously screened; patients ≤ 45 can be observed or have CT of the abdomen and pelvis with contrast if an imaging study is desired. Magnetic resonance cholangiopancreatography (MRCP), endoscopic retrograde cholangiopancreatography (ERCP), and laparoscopy are rarely helpful in the absence of specific indications.

Between the initial evaluation and the follow-up visit, the patient (or family, if the patient is a child) should record any pain, including its nature, intensity, duration, and precipitating factors. Diet, defecation pattern, and any remedies tried (and the results obtained) should also be recorded. This record may reveal inappropriate behavior patterns and exaggerated responses to pain or otherwise suggest a diagnosis.

Treatment
Physiologic conditions are treated.

If the diagnosis of functional CAP is made, frequent examinations and tests should be avoided because they may focus on or magnify the physical complaints or imply that the physician lacks confidence in the diagnosis.

There are no modalities to cure functional CAP; however, many helpful measures are available. These measures rest on a foundation of a trusting, empathic relationship between the physician, patient, and family. Patients should be reassured that they are not in danger; specific concerns should be sought and addressed. The physician should explain the laboratory findings and the nature of the problem and describe how the pain is generated and how the patient perceives it (ie, there may be a tendency to feel pain at times of stress). It is important to avoid perpetuating the negative psychosocial consequences of chronic pain (eg, prolonged absences from school or work, withdrawal from social activities) and to promote independence, social participation, and self-reliance. These strategies help the patient control or tolerate the symptoms while participating fully in everyday activities.

Agents such as antispasmotics, peppermint oil, and tricyclic antidepressants can be effective (1). Opioids should be avoided because of the concern about potential dependency and possibility of narcotic bowel syndrome.

Dietary modification and consumption of high-fiber foods or fiber supplements may help some patients. Evidence supporting the use of probiotics for centrally mediated abdominal pain syndrome is currently limited. (See the American College of Gastroenterology's 2021 clinical guideline for the management of IBS.)

Cognitive methods (eg, cognitive-behavioral therapy, relaxation training, biofeedback, hypnosis) may help by contributing to the patient’s sense of well-being and control (1). Regular follow-up visits should be scheduled weekly, monthly, or bimonthly, depending on the patient’s needs, and should continue until well after the problem has resolved. Psychiatric referral may be required if symptoms persist, especially if the patient is depressed or there are significant psychological stressors at home.

Treatment reference
1. Stemboroski L, Schey R. Treating Chronic Abdominal Pain in Patients with Chronic Abdominal Pain and/or Irritable Bowel Syndrome. Gastroenterol Clin North Am. 2020;49(3):607-621. doi:10.1016/j.gtc.2020.05.001

Key Points
Most cases represent a functional process.

Red flag findings indicate a physiologic cause and need for further assessment.

Testing is guided by clinical features.

Repeated testing after physiologic causes are ruled out is usually counterproductive."

